<?xml version="1.0" encoding="UTF-8"?>
<project-private xmlns="http://www.netbeans.org/ns/project-private/1">
    <editor-bookmarks xmlns="http://www.netbeans.org/ns/editor-bookmarks/2" lastBookmarkId="0"/>
    <open-files xmlns="http://www.netbeans.org/ns/projectui-open-files/2">
        <group>
            <file>file:/C:/Users/Usuario/Desktop/2_DAM/2_DAM_/Proyectos/Netbeans/Ejercicio14Hilos/src/ejercicio14hilos/Ejercicio14Hilos.java</file>
            <file>file:/C:/Users/Usuario/Desktop/2_DAM/2_DAM_/Proyectos/Netbeans/Ejercicio14Hilos/src/ejercicio14hilos/Jugador.java</file>
            <file>file:/C:/Users/Usuario/Desktop/2_DAM/2_DAM_/Proyectos/Netbeans/Ejercicio14Hilos/src/ejercicio14hilos/Cola.java</file>
            <file>file:/C:/Users/Usuario/Desktop/2_DAM/2_DAM_/Proyectos/Netbeans/Ejercicio14Hilos/src/ejercicio14hilos/Arbitro.java</file>
        </group>
    </open-files>
</project-private>
