<?xml version="1.0"?>
<!DOCTYPE hibernate-mapping PUBLIC "-//Hibernate/Hibernate Mapping DTD 3.0//EN"
"http://www.hibernate.org/dtd/hibernate-mapping-3.0.dtd">
<!-- Generated 26 feb. 2024 16:28:14 by Hibernate Tools 4.3.1 -->
<hibernate-mapping>
    <class name="clases.Clientes" table="clientes" catalog="jardineria" optimistic-lock="version">
        <id name="codigoCliente" type="int">
            <column name="CodigoCliente" />
            <generator class="assigned" />
        </id>
        <many-to-one name="empleados" class="clases.Empleados" fetch="select">
            <column name="CodigoEmpleadoRepVentas" />
        </many-to-one>
        <property name="nombreCliente" type="string">
            <column name="NombreCliente" length="50" not-null="true" />
        </property>
        <property name="nombreContacto" type="string">
            <column name="NombreContacto" length="30" />
        </property>
        <property name="apellidoContacto" type="string">
            <column name="ApellidoContacto" length="30" />
        </property>
        <property name="telefono" type="string">
            <column name="Telefono" length="15" not-null="true" />
        </property>
        <property name="fax" type="string">
            <column name="Fax" length="15" not-null="true" />
        </property>
        <property name="lineaDireccion1" type="string">
            <column name="LineaDireccion1" length="50" not-null="true" />
        </property>
        <property name="lineaDireccion2" type="string">
            <column name="LineaDireccion2" length="50" />
        </property>
        <property name="ciudad" type="string">
            <column name="Ciudad" length="50" not-null="true" />
        </property>
        <property name="region" type="string">
            <column name="Region" length="50" />
        </property>
        <property name="pais" type="string">
            <column name="Pais" length="50" />
        </property>
        <property name="codigoPostal" type="string">
            <column name="CodigoPostal" length="10" />
        </property>
        <property name="limiteCredito" type="big_decimal">
            <column name="LimiteCredito" precision="15" />
        </property>
        <set name="pagoses" table="pagos" inverse="true" lazy="true" fetch="select">
            <key>
                <column name="CodigoCliente" not-null="true" />
            </key>
            <one-to-many class="clases.Pagos" />
        </set>
        <set name="pedidoses" table="pedidos" inverse="true" lazy="true" fetch="select">
            <key>
                <column name="CodigoCliente" not-null="true" />
            </key>
            <one-to-many class="clases.Pedidos" />
        </set>
    </class>
</hibernate-mapping>
