<?xml version="1.0"?>
<!DOCTYPE hibernate-mapping PUBLIC "-//Hibernate/Hibernate Mapping DTD 3.0//EN"
"http://www.hibernate.org/dtd/hibernate-mapping-3.0.dtd">
<!-- Generated 26 feb. 2024 16:28:14 by Hibernate Tools 4.3.1 -->
<hibernate-mapping>
    <class name="clases.Empleados" table="empleados" catalog="jardineria" optimistic-lock="version">
        <id name="codigoEmpleado" type="int">
            <column name="CodigoEmpleado" />
            <generator class="assigned" />
        </id>
        <many-to-one name="empleados" class="clases.Empleados" fetch="select">
            <column name="CodigoJefe" />
        </many-to-one>
        <many-to-one name="oficinas" class="clases.Oficinas" fetch="select">
            <column name="CodigoOficina" length="10" not-null="true" />
        </many-to-one>
        <property name="nombre" type="string">
            <column name="Nombre" length="50" not-null="true" />
        </property>
        <property name="apellido1" type="string">
            <column name="Apellido1" length="50" not-null="true" />
        </property>
        <property name="apellido2" type="string">
            <column name="Apellido2" length="50" />
        </property>
        <property name="extension" type="string">
            <column name="Extension" length="10" not-null="true" />
        </property>
        <property name="email" type="string">
            <column name="Email" length="100" not-null="true" />
        </property>
        <property name="puesto" type="string">
            <column name="Puesto" length="50" />
        </property>
        <set name="empleadoses" table="empleados" inverse="true" lazy="true" fetch="select">
            <key>
                <column name="CodigoJefe" />
            </key>
            <one-to-many class="clases.Empleados" />
        </set>
        <set name="clienteses" table="clientes" inverse="true" lazy="true" fetch="select">
            <key>
                <column name="CodigoEmpleadoRepVentas" />
            </key>
            <one-to-many class="clases.Clientes" />
        </set>
    </class>
</hibernate-mapping>
