<?xml version="1.0"?>
<!DOCTYPE hibernate-mapping PUBLIC "-//Hibernate/Hibernate Mapping DTD 3.0//EN"
"http://www.hibernate.org/dtd/hibernate-mapping-3.0.dtd">
<!-- Generated 26 feb. 2024 16:28:14 by Hibernate Tools 4.3.1 -->
<hibernate-mapping>
    <class name="clases.Pagos" table="pagos" catalog="jardineria" optimistic-lock="version">
        <composite-id name="id" class="clases.PagosId">
            <key-property name="codigoCliente" type="int">
                <column name="CodigoCliente" />
            </key-property>
            <key-property name="idtransaccion" type="string">
                <column name="IDTransaccion" length="50" />
            </key-property>
        </composite-id>
        <many-to-one name="clientes" class="clases.Clientes" update="false" insert="false" fetch="select">
            <column name="CodigoCliente" not-null="true" />
        </many-to-one>
        <property name="formaPago" type="string">
            <column name="FormaPago" length="40" not-null="true" />
        </property>
        <property name="fechaPago" type="date">
            <column name="FechaPago" length="10" not-null="true" />
        </property>
        <property name="cantidad" type="big_decimal">
            <column name="Cantidad" precision="15" not-null="true" />
        </property>
    </class>
</hibernate-mapping>
