<?xml version="1.0" encoding="UTF-8"?>
<project-private xmlns="http://www.netbeans.org/ns/project-private/1">
    <editor-bookmarks xmlns="http://www.netbeans.org/ns/editor-bookmarks/2" lastBookmarkId="0"/>
    <open-files xmlns="http://www.netbeans.org/ns/projectui-open-files/2">
        <group name="Acceso a datos">
            <file>file:/C:/Users/6002755/Documents/NetBeansProjects/Ejercicio10Hilos/src/ejercicio10hilos/MiHilo.java</file>
            <file>file:/C:/Users/6002755/Documents/NetBeansProjects/Ejercicio10Hilos/src/ejercicio10hilos/Cajero.java</file>
            <file>file:/C:/Users/6002755/Documents/NetBeansProjects/Ejercicio10Hilos/src/ejercicio10hilos/Ejercicio10Hilos.java</file>
        </group>
    </open-files>
</project-private>
