<?xml version="1.0" encoding="UTF-8"?>
<project-private xmlns="http://www.netbeans.org/ns/project-private/1">
    <editor-bookmarks xmlns="http://www.netbeans.org/ns/editor-bookmarks/2" lastBookmarkId="0"/>
    <open-files xmlns="http://www.netbeans.org/ns/projectui-open-files/2">
        <group name="Acceso a datos">
            <file>file:/C:/Users/6002755/Desktop/2_DAM/Proyectos/Netbeans/Ejercicio6_DB4o_DavidCarroSalinas/src/ejercicio6_db4o_davidcarrosalinas/Ejercicio6_DB4o_DavidCarroSalinas.java</file>
            <file>file:/C:/Users/6002755/Desktop/2_DAM/Proyectos/Netbeans/Ejercicio6_DB4o_DavidCarroSalinas/src/ejercicio6_db4o_davidcarrosalinas/Empleado.java</file>
            <file>file:/C:/Users/6002755/Desktop/2_DAM/Proyectos/Netbeans/Ejercicio6_DB4o_DavidCarroSalinas/src/ejercicio6_db4o_davidcarrosalinas/Departamento.java</file>
        </group>
    </open-files>
</project-private>
