<?xml version="1.0" encoding="UTF-8" standalone="no"?><Empleados><empleado><id>0</id><nombre>Rosa</nombre><apell1>García</apell1><apell2>García</apell2><salario>1200.0</salario></empleado><empleado><id>1</id><nombre>Rosa</nombre><apell1>Wayne</apell1><apell2>Sánchez</apell2><salario>1200.0</salario></empleado><empleado><id>2</id><nombre>José</nombre><apell1>Sánchez</apell1><apell2>Gil</apell2><salario>1600.0</salario></empleado><empleado><id>3</id><nombre>Juan</nombre><apell1>Castro</apell1><apell2>Pérez</apell2><salario>1800.0</salario></empleado><empleado><id>4</id><nombre>Clara</nombre><apell1>Pérez</apell1><apell2>Wayne</apell2><salario>2200.0</salario></empleado><empleado><id>5</id><nombre>Paz</nombre><apell1>Castro</apell1><apell2>Lane</apell2><salario>900.0</salario></empleado><empleado><id>6</id><nombre>José</nombre><apell1>Castro</apell1><apell2>Sánchez</apell2><salario>3000.0</salario></empleado><empleado><id>7</id><nombre>Laura</nombre><apell1>Martín</apell1><apell2>Lane</apell2><salario>1600.0</salario></empleado><empleado><id>8</id><nombre>Clara</nombre><apell1>Wayne</apell1><apell2>Castro</apell2><salario>1200.0</salario></empleado><empleado><id>9</id><nombre>Juan</nombre><apell1>Iglesias</apell1><apell2>Lane</apell2><salario>2200.0</salario></empleado></Empleados>