<?xml version="1.0" encoding="UTF-8"?>
<project-private xmlns="http://www.netbeans.org/ns/project-private/1">
    <editor-bookmarks xmlns="http://www.netbeans.org/ns/editor-bookmarks/2" lastBookmarkId="0"/>
    <open-files xmlns="http://www.netbeans.org/ns/projectui-open-files/2">
        <group name="Acceso a datos">
            <file>file:/C:/Users/6002755/Documents/NetBeansProjects/Examen_DavidCarroSalinas/src/mysql/Conexion.java</file>
            <file>file:/C:/Users/6002755/Documents/NetBeansProjects/Examen_DavidCarroSalinas/src/examen_davidcarrosalinas/Examen_DavidCarroSalinas.java</file>
            <file>file:/C:/Users/6002755/Documents/NetBeansProjects/Examen_DavidCarroSalinas/src/SAX/DatosReader.java</file>
            <file>file:/C:/Users/6002755/Documents/NetBeansProjects/Examen_DavidCarroSalinas/src/modelo/Modelo.java</file>
            <file>file:/C:/Users/6002755/Documents/NetBeansProjects/Examen_DavidCarroSalinas/src/modelo/Ciclo.java</file>
            <file>file:/C:/Users/6002755/Documents/NetBeansProjects/Examen_DavidCarroSalinas/src/SAX/EscribeSAX.java</file>
            <file>file:/C:/Users/6002755/Documents/NetBeansProjects/Examen_DavidCarroSalinas/src/modelo/Informatica.java</file>
            <file>file:/C:/Users/6002755/Documents/NetBeansProjects/Examen_DavidCarroSalinas/src/vista/Vista.java</file>
        </group>
    </open-files>
</project-private>
