<?xml version="1.0" encoding="UTF-8"?>
<project-private xmlns="http://www.netbeans.org/ns/project-private/1">
    <editor-bookmarks xmlns="http://www.netbeans.org/ns/editor-bookmarks/2" lastBookmarkId="0"/>
    <open-files xmlns="http://www.netbeans.org/ns/projectui-open-files/2">
        <group name="Acceso a datos">
            <file>file:/C:/Users/6002755/Documents/NetBeansProjects/Ejercicio12Hilos/src/ejercicio12hilos/Ejercicio12Hilos.java</file>
            <file>file:/C:/Users/6002755/Documents/NetBeansProjects/Ejercicio12Hilos/src/ejercicio12hilos/ProductorEjer12.java</file>
            <file>file:/C:/Users/6002755/Documents/NetBeansProjects/Ejercicio12Hilos/src/ejercicio12hilos/Cola.java</file>
            <file>file:/C:/Users/6002755/Documents/NetBeansProjects/Ejercicio12Hilos/src/ejercicio12hilos/Consumidor.java</file>
        </group>
    </open-files>
</project-private>
