<?xml version="1.0"?>
<!DOCTYPE hibernate-mapping PUBLIC "-//Hibernate/Hibernate Mapping DTD 3.0//EN"
"http://www.hibernate.org/dtd/hibernate-mapping-3.0.dtd">
<!-- Generated 14 dic. 2023 18:03:52 by Hibernate Tools 4.3.1 -->
<hibernate-mapping>
    <class name="entidades.Auxemp" table="auxemp" catalog="prueba" optimistic-lock="version">
        <id name="empNo" type="int">
            <column name="emp_no" />
            <generator class="assigned" />
        </id>
        <many-to-one name="auxdept" class="entidades.Auxdept" fetch="select">
            <column name="dept_no" />
        </many-to-one>
        <property name="apellido" type="string">
            <column name="apellido" length="10" />
        </property>
        <property name="oficio" type="string">
            <column name="oficio" length="10" />
        </property>
        <property name="dir" type="java.lang.Integer">
            <column name="dir" />
        </property>
        <property name="fechaAlta" type="date">
            <column name="fecha_alta" length="10" />
        </property>
        <property name="salario" type="java.lang.Integer">
            <column name="salario" />
        </property>
        <property name="comision" type="java.lang.Integer">
            <column name="comision" />
        </property>
    </class>
</hibernate-mapping>
