<?xml version="1.0"?>
<!DOCTYPE hibernate-mapping PUBLIC "-//Hibernate/Hibernate Mapping DTD 3.0//EN"
"http://www.hibernate.org/dtd/hibernate-mapping-3.0.dtd">
<!-- Generated 14 dic. 2023 18:03:52 by Hibernate Tools 4.3.1 -->
<hibernate-mapping>
    <class name="entidades.Departamentos" table="departamentos" catalog="prueba" optimistic-lock="version">
        <id name="deptNo" type="int">
            <column name="dept_no" />
            <generator class="assigned" />
        </id>
        <property name="dnombre" type="string">
            <column name="dnombre" length="15" />
        </property>
        <property name="loc" type="string">
            <column name="loc" length="15" />
        </property>
        <set name="empleadoses" table="empleados" inverse="true" lazy="true" fetch="select">
            <key>
                <column name="dept_no" />
            </key>
            <one-to-many class="entidades.Empleados" />
        </set>
    </class>
</hibernate-mapping>
