<?xml version="1.0" encoding="UTF-8"?>
<project-private xmlns="http://www.netbeans.org/ns/project-private/1">
    <editor-bookmarks xmlns="http://www.netbeans.org/ns/editor-bookmarks/2" lastBookmarkId="0"/>
    <open-files xmlns="http://www.netbeans.org/ns/projectui-open-files/2">
        <group name="Acceso a datos">
            <file>file:/C:/Users/6002755/Documents/NetBeansProjects/Ejercicio9_DavidCarroSalinas/src/ejercicio9_davidcarrosalinas/Ejercicio9_DavidCarroSalinas.java</file>
        </group>
        <group>
            <file>file:/C:/Users/usuario/Documents/GitHub/2_DAM_/Proyectos/Netbeans/Ejercicio9_DavidCarroSalinas/src/ejercicio9_davidcarrosalinas/Ejercicio9_DavidCarroSalinas.java</file>
        </group>
    </open-files>
</project-private>
